zone,area,bedroom_type,vacancy_2024,vacancy_2025
1,Toronto (Central),Studio,4.2,3.6
1,Toronto (Central),1 Bedroom,3.5,2.4
1,Toronto (Central),2 Bedroom,2.8,2.9
1,Toronto (Central),3 Bedroom+,4.2,4.0
2,Toronto (East),Studio,5.8,
2,Toronto (East),1 Bedroom,3.4,3.7
2,Toronto (East),2 Bedroom,0.9,1.3
2,Toronto (East),3 Bedroom+,,
3,Toronto (North),Studio,2.8,4.4
3,Toronto (North),1 Bedroom,2.3,3.3
3,Toronto (North),2 Bedroom,1.6,3.0
3,Toronto (North),3 Bedroom+,,1.2
4,Toronto (West),Studio,4.6,4.4
4,Toronto (West),1 Bedroom,3.2,4.3
4,Toronto (West),2 Bedroom,,2.0
4,Toronto (West),3 Bedroom+,,
5,Etobicoke (South),Studio,10.4,3.6
5,Etobicoke (South),1 Bedroom,5.5,3.8
5,Etobicoke (South),2 Bedroom,1.7,1.7
5,Etobicoke (South),3 Bedroom+,,0.4
6,Etobicoke (Central),Studio,,
6,Etobicoke (Central),1 Bedroom,2.3,3.2
6,Etobicoke (Central),2 Bedroom,1.2,1.5
6,Etobicoke (Central),3 Bedroom+,1.0,1.0
7,Etobicoke (North),Studio,0.0,0.0
7,Etobicoke (North),1 Bedroom,0.8,2.4
7,Etobicoke (North),2 Bedroom,1.5,1.4
7,Etobicoke (North),3 Bedroom+,0.4,1.2
8,York,Studio,,3.6
8,York,1 Bedroom,2.7,4.3
8,York,2 Bedroom,3.1,2.3
8,York,3 Bedroom+,3.2,
9,East York,Studio,2.4,
9,East York,1 Bedroom,2.1,4.2
9,East York,2 Bedroom,1.1,2.4
9,East York,3 Bedroom+,2.0,1.1
10,Scarborough (Central),Studio,,5.0
10,Scarborough (Central),1 Bedroom,2.9,3.3
10,Scarborough (Central),2 Bedroom,1.0,2.4
10,Scarborough (Central),3 Bedroom+,1.1,0.8
11,Scarborough (North),Studio,0.0,4.3
11,Scarborough (North),1 Bedroom,1.2,2.9
11,Scarborough (North),2 Bedroom,0.8,2.2
11,Scarborough (North),3 Bedroom+,1.2,1.2
12,Scarborough (East),Studio,4.9,5.2
12,Scarborough (East),1 Bedroom,1.8,2.5
12,Scarborough (East),2 Bedroom,0.8,1.6
12,Scarborough (East),3 Bedroom+,0.9,1.4
13,North York (Southeast),Studio,2.4,5.4
13,North York (Southeast),1 Bedroom,2.9,3.6
13,North York (Southeast),2 Bedroom,2.0,2.4
13,North York (Southeast),3 Bedroom+,0.6,1.9
14,North York (Northeast),Studio,0.5,3.4
14,North York (Northeast),1 Bedroom,1.1,3.1
14,North York (Northeast),2 Bedroom,1.4,2.2
14,North York (Northeast),3 Bedroom+,0.6,1.5
15,North York (Southwest),Studio,,5.7
15,North York (Southwest),1 Bedroom,2.8,3.0
15,North York (Southwest),2 Bedroom,1.6,1.7
15,North York (Southwest),3 Bedroom+,,
16,North York (N.Central),Studio,,
16,North York (N.Central),1 Bedroom,1.9,3.3
16,North York (N.Central),2 Bedroom,0.7,1.8
16,North York (N.Central),3 Bedroom+,0.6,1.1
17,North York (Northwest),Studio,,
17,North York (Northwest),1 Bedroom,2.0,4.4
17,North York (Northwest),2 Bedroom,0.5,1.7
17,North York (Northwest),3 Bedroom+,0.3,0.9