zone,area,bedroom_type,rent_2024,rent_2025,dollar_change,percent_change,vacancy_2024,vacancy_2025,vacancy_change_pp
1,Toronto (Central),Studio,1574.0,1606.0,32.0,2.0,4.2,3.6,-0.6000000000000001
1,Toronto (Central),1 Bedroom,1968.0,2042.0,74.0,3.8,3.5,2.4,-1.1
1,Toronto (Central),2 Bedroom,2627.0,2776.0,149.0,5.7,2.8,2.9,0.10000000000000009
1,Toronto (Central),3 Bedroom+,3494.0,3580.0,86.0,2.5,4.2,4.0,-0.20000000000000018
2,Toronto (East),Studio,1166.0,1213.0,47.0,4.0,5.8,,
2,Toronto (East),1 Bedroom,1627.0,1692.0,65.0,4.0,3.4,3.7,0.30000000000000027
2,Toronto (East),2 Bedroom,1967.0,1869.0,-98.0,-5.0,0.9,1.3,0.4
2,Toronto (East),3 Bedroom+,,,,,,,
3,Toronto (North),Studio,1570.0,1570.0,0.0,0.0,2.8,4.4,1.6000000000000005
3,Toronto (North),1 Bedroom,1889.0,1892.0,3.0,0.2,2.3,3.3,1.0
3,Toronto (North),2 Bedroom,2391.0,2476.0,85.0,3.6,1.6,3.0,1.4
3,Toronto (North),3 Bedroom+,3116.0,2986.0,-130.0,-4.2,,1.2,
4,Toronto (West),Studio,1345.0,1410.0,65.0,4.8,4.6,4.4,-0.1999999999999993
4,Toronto (West),1 Bedroom,1667.0,1798.0,131.0,7.9,3.2,4.3,1.0999999999999996
4,Toronto (West),2 Bedroom,1969.0,2252.0,283.0,14.4,,2.0,
4,Toronto (West),3 Bedroom+,2967.0,3199.0,232.0,7.8,,,
5,Etobicoke (South),Studio,1449.0,1502.0,53.0,3.7,10.4,3.6,-6.800000000000001
5,Etobicoke (South),1 Bedroom,1585.0,1493.0,-92.0,-5.8,5.5,3.8,-1.7000000000000002
5,Etobicoke (South),2 Bedroom,1799.0,1762.0,-37.0,-2.1,1.7,1.7,0.0
5,Etobicoke (South),3 Bedroom+,1919.0,,,,,0.4,
6,Etobicoke (Central),Studio,1590.0,1693.0,103.0,6.5,,,
6,Etobicoke (Central),1 Bedroom,1723.0,1874.0,151.0,8.8,2.3,3.2,0.9000000000000004
6,Etobicoke (Central),2 Bedroom,2072.0,2190.0,118.0,5.7,1.2,1.5,0.30000000000000004
6,Etobicoke (Central),3 Bedroom+,2269.0,2497.0,228.0,10.0,1.0,1.0,0.0
7,Etobicoke (North),Studio,1288.0,1342.0,54.0,4.2,0.0,0.0,0.0
7,Etobicoke (North),1 Bedroom,1678.0,1718.0,40.0,2.4,0.8,2.4,1.5999999999999999
7,Etobicoke (North),2 Bedroom,1855.0,2018.0,163.0,8.8,1.5,1.4,-0.10000000000000009
7,Etobicoke (North),3 Bedroom+,1870.0,2522.0,652.0,34.9,0.4,1.2,0.7999999999999999
8,York,Studio,1381.0,1381.0,0.0,0.0,,3.6,
8,York,1 Bedroom,1665.0,1706.0,41.0,2.5,2.7,4.3,1.5999999999999996
8,York,2 Bedroom,2022.0,2067.0,45.0,2.2,3.1,2.3,-0.8000000000000003
8,York,3 Bedroom+,2706.0,2547.0,-159.0,-5.9,3.2,,
9,East York,Studio,1192.0,1339.0,147.0,12.3,2.4,,
9,East York,1 Bedroom,1510.0,1578.0,68.0,4.5,2.1,4.2,2.1
9,East York,2 Bedroom,1750.0,1820.0,70.0,4.0,1.1,2.4,1.2999999999999998
9,East York,3 Bedroom+,2241.0,2189.0,-52.0,-2.3,2.0,1.1,-0.8999999999999999
10,Scarborough (Central),Studio,1455.0,1520.0,65.0,4.5,,5.0,
10,Scarborough (Central),1 Bedroom,1611.0,1610.0,-1.0,-0.1,2.9,3.3,0.3999999999999999
10,Scarborough (Central),2 Bedroom,1778.0,1839.0,61.0,3.4,1.0,2.4,1.4
10,Scarborough (Central),3 Bedroom+,1829.0,1906.0,77.0,4.2,1.1,0.8,-0.30000000000000004
11,Scarborough (North),Studio,1308.0,1335.0,27.0,2.1,0.0,4.3,4.3
11,Scarborough (North),1 Bedroom,1542.0,1616.0,74.0,4.8,1.2,2.9,1.7
11,Scarborough (North),2 Bedroom,1775.0,1784.0,9.0,0.5,0.8,2.2,1.4000000000000001
11,Scarborough (North),3 Bedroom+,1931.0,1937.0,6.0,0.3,1.2,1.2,0.0
12,Scarborough (East),Studio,1413.0,1460.0,47.0,3.3,4.9,5.2,0.2999999999999998
12,Scarborough (East),1 Bedroom,1582.0,1633.0,51.0,3.2,1.8,2.5,0.7
12,Scarborough (East),2 Bedroom,1718.0,1852.0,134.0,7.8,0.8,1.6,0.8
12,Scarborough (East),3 Bedroom+,1896.0,2072.0,176.0,9.3,0.9,1.4,0.4999999999999999
13,North York (Southeast),Studio,1192.0,1188.0,-4.0,-0.3,2.4,5.4,3.0000000000000004
13,North York (Southeast),1 Bedroom,1663.0,1638.0,-25.0,-1.5,2.9,3.6,0.7000000000000002
13,North York (Southeast),2 Bedroom,1930.0,1886.0,-44.0,-2.3,2.0,2.4,0.3999999999999999
13,North York (Southeast),3 Bedroom+,2364.0,2224.0,-140.0,-5.9,0.6,1.9,1.2999999999999998
14,North York (Northeast),Studio,1464.0,1498.0,34.0,2.3,0.5,3.4,2.9
14,North York (Northeast),1 Bedroom,1830.0,1815.0,-15.0,-0.8,1.1,3.1,2.0
14,North York (Northeast),2 Bedroom,2164.0,2162.0,-2.0,-0.1,1.4,2.2,0.8000000000000003
14,North York (Northeast),3 Bedroom+,2458.0,2360.0,-98.0,-4.0,0.6,1.5,0.9
15,North York (Southwest),Studio,1272.0,1379.0,107.0,8.4,,5.7,
15,North York (Southwest),1 Bedroom,1549.0,1567.0,18.0,1.2,2.8,3.0,0.20000000000000018
15,North York (Southwest),2 Bedroom,1949.0,1814.0,-135.0,-6.9,1.6,1.7,0.09999999999999987
15,North York (Southwest),3 Bedroom+,2169.0,2243.0,74.0,3.4,,,
16,North York (N. Central),Studio,1432.0,1471.0,39.0,2.7,,,
16,North York (N. Central),1 Bedroom,1905.0,1771.0,-134.0,-7.0,1.9,3.3,1.4
16,North York (N. Central),2 Bedroom,1951.0,2031.0,80.0,4.1,0.7,1.8,1.1
16,North York (N. Central),3 Bedroom+,2091.0,2303.0,212.0,10.1,0.6,1.1,0.5000000000000001
17,North York (Northwest),Studio,1107.0,1167.0,60.0,5.4,,,
17,North York (Northwest),1 Bedroom,1426.0,1517.0,91.0,6.4,2.0,4.4,2.4000000000000004
17,North York (Northwest),2 Bedroom,1650.0,1752.0,102.0,6.2,0.5,1.7,1.2
17,North York (Northwest),3 Bedroom+,1760.0,1994.0,234.0,13.3,0.3,0.9,0.6000000000000001
